Molestias voluptate dolore eligendi voluptates enim non dolorum quam neque.,1258456396329
Voluptatem delectus qui necessitatibus et voluptas et maxime totam quo.,1258474575385
Ipsa quisquam ut sapiente molestiae odit aliquid iure molestias similique.,1258476476010
Eos tempore quia ut iusto est ducimus sunt officia expedita.,1258457296404
Beatae numquam eveniet omnis non optio quae aut eos quae.,1258474217616
Quos saepe debitis qui eius dignissimos nostrum quia id nihil.,1258461320696
Accusamus aut quibusdam eum qui ut non cum qui est.,1258486491257
Repellat facere veniam est sed ipsum quaerat animi eligendi dignissimos.,1258457084480
Perspiciatis sint voluptatum commodi voluptatem ea architecto maiores asperiores tenetur.,1258472453797
Nam quia necessitatibus enim accusamus aut quia labore reiciendis neque.,1258462573546
Voluptatibus asperiores velit quis explicabo incidunt necessitatibus quaerat vitae non.,1258462045016
Aut est voluptas molestiae repudiandae et molestiae eum ipsum enim.,1258469620946
Fugit eos et quo ea et autem autem a ipsum.,1258454842947
Velit libero molestiae ut facilis nihil aut natus hic eveniet.,1258469939596
Iste architecto nisi iure qui quisquam aut aut nostrum et.,1258482086140
Sed labore repellendus maiores autem dolor non qui voluptatem nesciunt.,1258474822901
Sed adipisci explicabo modi ipsum vero facilis quibusdam tempora libero.,1258479689016
Porro molestias iusto qui aperiam et et sunt voluptas voluptas.,1258476860173
Nulla dolor magnam quam assumenda eum distinctio ipsam aut accusantium.,1258474750039
Odio sapiente dolores quia quae et voluptatem natus ex voluptatum.,1258483345583
Repellat vel neque illo ipsam rem et suscipit minus dolore.,1258476287778
Quas iusto architecto molestias fuga molestiae ipsam laborum debitis et.,1258484186792
Recusandae commodi sit dolores suscipit porro incidunt qui aperiam aut.,1258466007159
Et vero soluta repellendus officiis quas aut quibusdam facere facere.,1258483201548
Provident sed odit dolorem magnam qui hic libero sit minus.,1258454528910
Atque occaecati libero quis exercitationem quam modi voluptas culpa ut.,1258466481705
Ea repellendus et voluptate modi laborum similique earum quia consequatur.,1258467923393
Non eum voluptatem et dolore nisi autem qui aut odit.,1258456597398
Architecto eligendi voluptatem ea quam atque ipsum sit consequatur autem.,1258478311852
Quia expedita ut quasi est molestiae sed consequatur est enim.,1258458034221
Alias et occaecati est laborum harum perferendis repellat quaerat odit.,1258468064748
Vel et nihil excepturi rerum nesciunt rerum officia odit ullam.,1258467907544
Illo magnam soluta non mollitia sit ut eaque quae est.,1258479300474
Magni minima eius aut alias non dolore iste a alias.,1258467048413
Est facilis aut est necessitatibus nihil et ducimus inventore dolorum.,1258478988607
Itaque provident quo error ex repellendus quisquam sed ipsam architecto.,1258472635772
Autem magni debitis minus dicta voluptate asperiores cupiditate asperiores possimus.,1258468294365
Pariatur commodi ut eum omnis velit autem rerum impedit quod.,1258477137991
Exercitationem iusto dolores quasi ea voluptatem pariatur rerum voluptate voluptatem.,1258460457765
Quasi nihil reprehenderit repudiandae accusantium voluptatibus vel dolores aut aut.,1258476256120
Illum voluptatum sunt corporis ullam sunt accusamus enim deserunt id.,1258460183797
Sit sed quam quia sapiente fuga distinctio et laudantium aliquid.,1258478541871
Corrupti quos sint voluptatum culpa doloremque porro sint dignissimos voluptates.,1258485808376
Culpa voluptate dicta esse accusamus laboriosam neque sit dolor eum.,1258454334216
Minima dolorem assumenda sed quod sed magnam corporis voluptatum consectetur.,1258465995958
Necessitatibus hic assumenda atque blanditiis rerum molestias optio ducimus quod.,1258476002604
Et repudiandae quos aut illum sed eaque et neque excepturi.,1258465761822
Itaque incidunt id iusto sit saepe ullam voluptas nesciunt et.,1258458266758
Voluptatibus nam modi quae et quis qui non quo rem.,1258462070544
Aspernatur ducimus quo voluptatem vitae voluptatibus harum voluptate maiores laborum.,1258467441784
Corrupti eveniet a dolores aut eveniet ullam accusamus voluptatibus eos.,1258455281247
Consequatur et omnis quia hic officiis omnis adipisci a labore.,1258465975998
Eius occaecati id sint earum sit deserunt non sit ut.,1258455681270
Voluptatum officiis sint ab est aut ipsa deleniti consequatur autem.,1258463653968
Dignissimos incidunt nisi non et totam fugiat eveniet deserunt veniam.,1258477221980
Rerum hic quis aliquam nam earum enim molestias rem omnis.,1258479475370
Quae id aspernatur enim ea qui repellendus aut sequi sunt.,1258465586655
Eos molestias quis sunt qui odio earum dignissimos sed odit.,1258456271374
Id ut voluptate assumenda quas velit doloribus ea asperiores illo.,1258464204159
In ea voluptate et nam exercitationem ducimus sit omnis adipisci.,1258464607886
Iure laboriosam sed praesentium sint et fugit nihil impedit ut.,1258481826340
Doloremque cumque consectetur dolor aut in qui veritatis quas quis.,1258455419468
Nulla rerum velit rerum quo animi eaque ipsam nisi quis.,1258486311023
Et accusantium qui earum quasi impedit aut dolore illo nulla.,1258464749765
Odio a esse consequatur et laudantium cupiditate qui dolorem qui.,1258483976566
Ducimus qui accusamus nulla aut omnis cupiditate sed sint hic.,1258464534396
Et tempore cupiditate explicabo aut reprehenderit sint laboriosam neque ut.,1258466132691
Exercitationem rem id voluptas ducimus saepe voluptas suscipit blanditiis voluptatem.,1258474543327
Ullam dolor et doloribus voluptas blanditiis voluptas atque distinctio sit.,1258470855069
Omnis accusamus commodi sit aut enim ipsam rem omnis dolorum.,1258465827713
Et natus eaque quo dolores reiciendis minima et vero et.,1258456098709
In dolore voluptas illum et atque reprehenderit nemo minus tempore.,1258476136513
Et eaque nisi laborum esse aut aut suscipit placeat deleniti.,1258479736795
Dolor consequuntur modi et aut magni quae facilis ut perferendis.,1258473760616
Repellendus officiis sequi molestiae dolor quibusdam fugiat rerum ut minima.,1258472649250
Odit tenetur aliquam dolorem qui quidem similique dignissimos iste quas.,1258454144645
Nihil in consectetur voluptatibus molestias nostrum et voluptas velit et.,1258479961866
Velit error nulla fuga quam sunt iste id atque harum.,1258483742235
Beatae sunt praesentium tempore et non repellat est doloremque accusamus.,1258465835720
Quis voluptates labore nihil tempore placeat qui molestiae et dolor.,1258468931188
Repellat architecto sint non hic voluptatem aperiam architecto et natus.,1258457456803
Incidunt voluptatem laudantium qui odio ad culpa harum est doloribus.,1258485024329
Amet nisi culpa deleniti quae quam praesentium qui est quo.,1258474984849
Ut non est autem tempora incidunt porro ex in numquam.,1258464321186
Doloribus officia fugiat tempora reiciendis necessitatibus quae quidem repellendus rerum.,1258479551565
Quibusdam distinctio beatae rerum atque molestiae quibusdam neque quos adipisci.,1258466333999
Voluptatem aliquid quos cum recusandae esse tenetur molestiae optio molestias.,1258477073014
Alias suscipit alias expedita sed illo rerum voluptatem provident et.,1258463818466
Omnis magni ut vitae inventore est mollitia cupiditate expedita quia.,1258482822034
Rerum et exercitationem aut modi quis debitis ea veritatis dolor.,1258472260957
Fugit nemo ipsam nesciunt laudantium quisquam expedita aliquid qui et.,1258457301295
Cupiditate repudiandae nihil similique veritatis qui quibusdam vel mollitia fuga.,1258456312418
Doloremque pariatur ducimus sapiente inventore facilis tempora minima modi velit.,1258468838409
Porro ea et provident rerum rerum explicabo et fugit iste.,1258474144418
Amet ullam neque qui aut at in dolores laborum illo.,1258458363986
Ut ut provident sapiente illo odit quos ex et ratione.,1258471357069
Consequuntur doloribus omnis perferendis doloribus est reprehenderit reiciendis dolor minus.,1258469219938
Ducimus ut eaque error quas rerum ullam facere atque omnis.,1258477928463
Neque rerum necessitatibus et dolores at qui eaque tempora est.,1258470098047
Qui possimus deleniti illo et facere vel recusandae vel qui.,1258466209987
