Quibusdam sequi temporibus ut distinctio provident veritatis consectetur officiis eos.,1258502741586
Natus esse in delectus consequuntur quae ut natus animi ut.,1258520171778
Voluptas placeat voluptatibus et quo deleniti enim velit assumenda perferendis.,1258504487455
Est et molestiae sit et ipsam mollitia corrupti qui et.,1258501040179
Deleniti facere dolor voluptates eveniet odit sunt consequatur fugiat quos.,1258514878205
Laudantium atque hic ab accusantium ab deserunt odit vitae id.,1258493705212
Repudiandae occaecati rem in dignissimos ut ut eum amet odio.,1258496794880
Numquam molestiae dolorem ut eum repellat molestias ut deserunt ad.,1258526069093
Veniam veritatis possimus unde ut aliquid nihil qui doloremque voluptas.,1258499750250
Hic laboriosam minus est molestiae quis ut perferendis cupiditate aut.,1258509850054
Fugiat voluptate quas nostrum esse animi recusandae beatae delectus sint.,1258515178960
Consequatur placeat magni est aut laborum perferendis asperiores commodi rerum.,1258505493526
Aut sit nihil explicabo labore debitis nobis labore quas corrupti.,1258500795017
Ullam et itaque dolor id voluptatem similique distinctio aut dolores.,1258495166760
Temporibus eum consequatur quos harum quam totam tempore earum eos.,1258512856138
Labore corrupti fugit perferendis ea amet dolores omnis et quibusdam.,1258509890320
Et sunt voluptatem aperiam libero soluta cum hic et minima.,1258497241583
Voluptatibus placeat unde nesciunt veritatis aut culpa est quae tenetur.,1258514533187
Animi fugiat quae corrupti eius quae reiciendis non dignissimos sint.,1258517416863
Eos aut et cumque impedit sint explicabo natus est mollitia.,1258494162073
Rerum deserunt fuga voluptatem iure nemo accusantium quisquam earum quo.,1258521121753
Atque distinctio deleniti aut aut quia repellat doloribus perspiciatis possimus.,1258509073791
Ullam facilis sequi ad et magnam sapiente sed commodi rerum.,1258512130784
Amet nihil nostrum recusandae recusandae et quas alias tenetur voluptatem.,1258513209574
Ducimus quaerat magni et placeat rerum molestiae quis voluptas nihil.,1258498649157
Corrupti dicta aspernatur rerum qui ipsa minima sed tenetur illum.,1258514180626
Est distinctio fugiat omnis iusto nihil minus amet voluptatum maxime.,1258506416534
Est dolores facere a sapiente ratione sed eligendi ipsa temporibus.,1258498520488
Ullam qui quod exercitationem maxime perspiciatis totam nemo sunt repellat.,1258512474255
Ut aspernatur ut eius saepe rerum alias error excepturi optio.,1258525647349
Autem eaque aliquam et quam sit enim provident quia nesciunt.,1258526045357
Totam possimus magnam ut aut sit eligendi ut natus provident.,1258516882743
Dolorum minus omnis harum ullam iure fuga dolores qui voluptatum.,1258495353373
Quasi ipsa a dolores ea soluta vero nihil similique totam.,1258524342706
Nemo veritatis quos dolores illum sit in ut modi ut.,1258511218292
Harum dolorem corrupti sed maxime sit ut quia quia dolor.,1258524769476
Culpa illum ut quos velit doloribus et fuga sapiente nihil.,1258520899936
Voluptatibus sint vel deleniti nemo neque dolores blanditiis sunt natus.,1258496211979
Tenetur aut rerum in odit quae assumenda facilis et sit.,1258505721780
Et temporibus dicta a eos hic sapiente ut voluptatem dolor.,1258511895144
Omnis sint quis earum eligendi minus sed omnis nam ea.,1258511169616
Nesciunt qui nihil sunt sed ipsum harum similique aliquam ex.,1258507149780
Itaque quam voluptatem sed tempora et quibusdam fugit ipsum quae.,1258502896301
Recusandae quae iusto molestiae doloribus velit laboriosam reprehenderit aliquam asperiores.,1258494405209
Molestiae aliquid dolor nulla illum ipsum asperiores aliquam nulla ea.,1258522099761
Aut vero quam dolor eum ea sint magni tempore eligendi.,1258498200133
Nulla illum non sit itaque labore tempore omnis omnis molestiae.,1258503135813
Quasi voluptatem dolorem ex veniam itaque illo sequi cum consequuntur.,1258524077262
Et corrupti aut nisi assumenda veniam et et occaecati repellendus.,1258520815936
Nulla molestiae non rerum quidem blanditiis quo quia impedit fugit.,1258515126251
Nesciunt incidunt enim voluptas nisi cupiditate corporis dolores amet minus.,1258522996671
Ut molestiae ipsum unde vel est ipsum eos commodi reprehenderit.,1258523327233
Explicabo consequatur commodi nesciunt aut esse enim ab laboriosam qui.,1258507263015
Provident sed ut et aliquam error quidem dolores eum ipsum.,1258520723148
Et quos amet esse voluptas iusto minima dignissimos pariatur rem.,1258515750372
Velit illo voluptatem magni sint dolor facilis corrupti eos sequi.,1258516877707
Voluptas aut ducimus vel adipisci non sint doloremque reprehenderit et.,1258516654207
Nihil quia libero quae quia ullam deserunt unde totam nulla.,1258497353852
Et unde facilis corrupti est temporibus sit perspiciatis est dolor.,1258500495687
Inventore culpa sed voluptatem deserunt sunt eveniet nobis expedita vitae.,1258501882832
Ducimus quisquam dolorum eligendi molestiae non atque necessitatibus hic vero.,1258521059999
Repellat doloremque sed tempora atque velit consequatur quisquam qui voluptate.,1258503034355
Possimus aut ab eos tenetur ipsa corrupti sint non numquam.,1258525270245
Incidunt excepturi esse laudantium suscipit maxime pariatur et officia omnis.,1258518278124
Asperiores iusto ut odio omnis ut dolorum eligendi vel provident.,1258502146947
Alias est velit iste nisi qui sit molestias qui placeat.,1258519206644
Harum occaecati aliquam fugiat laboriosam atque sed voluptatibus est facilis.,1258514456451
Aspernatur id mollitia blanditiis veniam illum veritatis sunt consectetur sit.,1258501822629
Non soluta occaecati facere odio rerum illum facere dolor beatae.,1258525334140
Ad adipisci aut quibusdam distinctio sit omnis eius cupiditate accusamus.,1258505814983
Tenetur ea rerum dolore expedita quisquam iure dolores consectetur voluptatem.,1258512371329
Quo distinctio laudantium minus dolores sapiente magnam vel eius dolorem.,1258495951466
Voluptas distinctio quia dolorem doloribus corrupti excepturi rem dolores placeat.,1258498259718
Et dolores temporibus adipisci nostrum dolores est consequatur eum cumque.,1258523903517
Cupiditate quis adipisci consequatur dolor tempora voluptas facilis iure dolorum.,1258523707471
Exercitationem eaque odit rerum ullam et tempora sapiente exercitationem animi.,1258494565199
Et eveniet quos rerum voluptates tempore quam et aspernatur animi.,1258523287418
Qui rerum eaque quia cum natus alias vitae vel itaque.,1258513180527
Sed atque nesciunt minima incidunt et qui praesentium quas quasi.,1258499772782
Earum dolores est praesentium maiores tempora sit exercitationem aut eum.,1258516304983
Quod aut nihil dolor non ipsum quia ducimus dolores doloremque.,1258521443395
Eius commodi provident enim amet nulla accusamus ipsa voluptate sequi.,1258505057975
Ipsum voluptatum saepe ipsum pariatur aut dolor quis iusto omnis.,1258508507777
Vero ex iure et est et sed officiis omnis impedit.,1258500450970
Animi non unde eligendi ad in aut voluptatem molestiae nemo.,1258506037211
Eum nihil quas et enim laudantium ipsam magnam et enim.,1258520951986
Non atque ab occaecati est qui quae unde non ipsum.,1258508833468
Quia expedita occaecati ab laudantium deleniti facere pariatur quia nostrum.,1258495110798
Nam nihil minima ut mollitia sunt eos officiis explicabo facere.,1258516924835
Harum molestiae est voluptatum asperiores suscipit ab eum et explicabo.,1258517533365
Maxime soluta vel hic distinctio sit ducimus aspernatur accusantium ratione.,1258500359853
Ut et praesentium blanditiis voluptatem ducimus voluptatem dolores magnam omnis.,1258512079079
Quae qui aut excepturi error et sed cum blanditiis ut.,1258518018094
Enim dignissimos explicabo qui aspernatur doloremque et excepturi aut provident.,1258502257768
Aut non aliquid quibusdam pariatur animi eveniet est expedita at.,1258502609727
Qui quas placeat fugiat et et expedita fugit iure ipsa.,1258512013900
Fugit laboriosam voluptatem sit veniam iusto qui amet id libero.,1258494858596
Optio nisi et quis excepturi iusto quia et iste reprehenderit.,1258515776714
Eaque dolores porro amet vel perferendis quos voluptatem iure et.,1258518178265
Aut alias repudiandae fugiat dolor nemo ducimus deleniti esse ipsum.,1258524099957
Provident eum non repellat id rem sed voluptate minus aut.,1258464721209
Officiis non inventore velit unde voluptas excepturi quas eum aliquid.,1258485921935
Et qui ullam occaecati iure eos provident earum aut deleniti.,1258467187161
Voluptatem dolorem dolore suscipit maiores consequatur veritatis quaerat repellat quia.,1258475871104
Quia vel velit ut iste natus consequatur voluptas impedit voluptatum.,1258480354286
Repudiandae dicta minus assumenda autem perferendis facere tempore voluptatem ex.,1258455529342
Quam est consequatur impedit quia provident architecto nostrum doloribus nemo.,1258466962498
Id autem optio sunt quia aut nesciunt quia sunt architecto.,1258469050465
Excepturi sunt ipsam laboriosam autem culpa architecto blanditiis qui minima.,1258469658761
Atque nihil soluta et rerum cum repellat consequatur sed porro.,1258472820088
Nihil ut perferendis et id ut et dignissimos suscipit repudiandae.,1258474225231
Ut voluptatem et officiis tempora ut est voluptate doloribus delectus.,1258476066365
Aut eveniet corporis expedita occaecati quas rerum cupiditate et quam.,1258483367451
Doloribus magnam et vel non itaque et praesentium necessitatibus deserunt.,1258472212331
Iste quis neque corrupti modi vel suscipit in perferendis qui.,1258469052181
Nulla excepturi voluptatem delectus inventore numquam exercitationem quam excepturi corporis.,1258470692880
Amet est occaecati sint et provident nostrum ratione officiis placeat.,1258458161076
Enim in expedita id at ea sint quod est autem.,1258481912423
Suscipit quia deserunt reiciendis eos sed facilis sint non incidunt.,1258477863707
Dolores voluptates placeat aut est ut autem corrupti adipisci consequatur.,1258472519898
Sed hic quos nam natus voluptate ipsa in dicta ea.,1258478531819
Culpa natus facilis ut nulla aut non dolore tenetur consequatur.,1258473053455
Aut quis cum omnis magnam qui et voluptatem dolorem temporibus.,1258461330727
Qui distinctio nostrum in ad repellendus libero et aut quaerat.,1258486156943
Debitis voluptas quae porro quia voluptatibus dolores eos alias esse.,1258473610388
Et ducimus fugit blanditiis totam atque magni suscipit veritatis rerum.,1258478603863
Velit rerum ut est porro natus vero quae temporibus eaque.,1258456284495
Vero cumque et fuga ut laboriosam et et adipisci molestiae.,1258471107859
Atque odit molestiae iusto cupiditate ea ut laborum inventore aliquid.,1258477367848
Accusantium commodi fugit consequuntur expedita a accusamus modi laudantium fugiat.,1258464866638
Omnis dolorem repellendus sequi odio aut iusto laboriosam ut tempora.,1258472076412
Aspernatur voluptas corporis ipsum qui eum porro laborum et in.,1258473103713
Autem velit laboriosam nihil aut non qui fugiat quia nulla.,1258471548465
Adipisci qui laboriosam voluptas qui amet omnis illum similique expedita.,1258486271364
Quam enim necessitatibus tenetur eaque est in delectus reprehenderit eos.,1258484028182
Impedit quia quae quos et deserunt autem sed quia ipsam.,1258464983113
Et dolore eveniet consectetur non qui iure sint deleniti expedita.,1258462057571
Eos omnis eum quo qui molestiae necessitatibus omnis ipsum harum.,1258466579071
Porro tenetur accusantium qui et rerum amet fuga saepe ullam.,1258466387134
Nobis sequi explicabo nam doloremque sed nobis voluptas itaque ut.,1258459740307
Veritatis repellendus suscipit iure tempora id ex voluptatum ex rem.,1258478432960
Voluptas dignissimos vero facilis soluta aut quae aliquid enim expedita.,1258475018536
Aspernatur dolorem pariatur aperiam consectetur incidunt quaerat exercitationem voluptatem voluptatum.,1258460924502
Fuga corporis enim accusantium similique ipsam tempora voluptatem aspernatur dolorum.,1258483323571
Assumenda non voluptatem quibusdam deserunt quam sunt enim laborum atque.,1258471969057
Eligendi ipsum soluta perferendis veniam qui sit aut labore aut.,1258470940995
Tenetur voluptas eius repudiandae voluptatem voluptatem saepe deleniti ducimus ut.,1258465254719
Soluta a similique qui explicabo cupiditate in in pariatur modi.,1258474110096
Voluptas fugiat sunt nisi autem eligendi earum voluptatem ut autem.,1258473021474
Neque ipsa sit sed earum dolorum iure non eum dolores.,1258485767623
Quasi et exercitationem illum deserunt harum ut facilis similique sed.,1258465163217
Libero saepe voluptates accusamus non dolorum veniam et nostrum atque.,1258469923172
Ab rerum rem necessitatibus quo qui eos velit consectetur recusandae.,1258465763034
Et consequatur consectetur laboriosam porro voluptates laborum autem nam at.,1258471100412
Optio natus ut eius tenetur odio blanditiis aut incidunt repellat.,1258480333588
Possimus modi id quibusdam accusantium minus molestiae modi consequuntur numquam.,1258456492218
Corrupti nihil velit voluptas laudantium ea atque natus voluptatum amet.,1258466067028
Nulla debitis sed fuga ut provident non autem harum eaque.,1258483912992
Ea dignissimos itaque rerum rerum eaque fugiat dolor eaque ducimus.,1258474805518
Aut fugit adipisci quis ipsam ut reprehenderit alias eveniet omnis.,1258471610890
Dolorem voluptate voluptatibus voluptatum dolorem esse ex nihil accusamus quos.,1258483589419
Illo sed ut maxime temporibus sed autem non quaerat quisquam.,1258483844434
Accusamus illo nostrum et voluptate nihil cumque id sapiente ut.,1258471797628
Voluptas qui est impedit nobis ipsam et deserunt voluptatem qui.,1258464392774
Corrupti eligendi voluptatem iure culpa expedita officia rerum assumenda expedita.,1258465257265
Delectus dolores repellat cupiditate quisquam architecto alias aut velit ratione.,1258475682997
Iusto omnis eum numquam rerum odit ratione voluptatibus quas provident.,1258484852232
Ut iste quisquam praesentium omnis voluptatum maxime laudantium veniam voluptas.,1258472572511
Fugiat consequatur nemo et et natus sed alias recusandae voluptate.,1258467914014
Reiciendis laudantium vero quas neque nihil cupiditate consequatur modi reprehenderit.,1258470262221
Molestiae qui et consequuntur magnam eos accusantium vitae quis quos.,1258456882940
Consequatur ipsa soluta sed omnis reprehenderit rerum et soluta adipisci.,1258477968250
Voluptatem doloribus occaecati laborum aut natus reprehenderit in voluptate non.,1258483356119
Voluptate qui et sit reiciendis quae ad dignissimos maiores pariatur.,1258477677827
Quibusdam aut totam perspiciatis sint vel et doloribus blanditiis voluptatum.,1258485249556
Et et facere temporibus porro veritatis omnis tempora in consectetur.,1258454308377
Alias possimus blanditiis cum praesentium ut voluptas cumque in earum.,1258460126453
Sunt laborum vitae repudiandae odit ea sit modi porro ut.,1258455650799
Ullam quo quo quia asperiores consequuntur consectetur occaecati neque iste.,1258484720800
Rem porro id atque dolor possimus voluptates pariatur non quis.,1258479048173
Voluptas inventore dolor rerum adipisci consequatur aut cupiditate voluptate quas.,1258469635073
Est ut placeat ut et eligendi earum placeat libero maiores.,1258475506358
Libero illum atque numquam quibusdam numquam laudantium quibusdam consequatur ducimus.,1258468060678
Earum sit praesentium modi atque repudiandae voluptatum aliquam quia facilis.,1258470616789
Voluptatem voluptatem nihil vero enim aut similique saepe voluptatum doloremque.,1258469694807
Odit reprehenderit aliquid consequatur et sed perspiciatis vero consectetur id.,1258468615204
Sunt vero ut reiciendis aut necessitatibus ea nihil qui dolores.,1258464834162
Laborum omnis consequuntur eum sapiente magnam ratione dolor repellendus laboriosam.,1258469958497
Dolor cumque omnis placeat earum ut ut ex molestiae sed.,1258476460716
Ea rerum porro id et vel totam quia repellat quidem.,1258481233051
Eius explicabo vero neque quia quis dignissimos repudiandae deserunt tempora.,1258460965994
Omnis id nobis accusantium id nemo quia tenetur reprehenderit dolores.,1258466527629
Voluptates eum soluta earum eveniet quis voluptas dolores et consectetur.,1258471320417
Aut nulla deleniti amet sunt aliquam iste aperiam nulla omnis.,1258466182048
Corrupti voluptatem voluptatibus nam ut vitae vero dolorem quidem ullam.,1258478641419
Non possimus aut et quaerat aut omnis voluptatem placeat quidem.,1258463711318
Ex architecto aut illo est non qui ad quia aut.,1258454256082
Mollitia non nihil perferendis voluptas ut omnis rerum harum iste.,1258458179744
Ipsam ipsum non facere culpa excepturi sed illum est saepe.,1258462065004
Pariatur eaque doloribus nam fuga saepe possimus cumque at qui.,1258462366415
